OpportunityID,ActivityID,OpportunityStage,EstimatedValue,CloseDate,SalesID
O0001,A0001,Negotiation,1637.83,2025-07-21,
O0002,A0002,Closed Lost,7160.01,2025-07-14,
O0003,A0003,Negotiation,8669.81,2025-08-25,
O0004,A0004,Prospecting,7681.23,2025-08-25,
O0005,A0005,Proposal Sent,17991.03,2025-08-25,S0430
O0006,A0006,Proposal Sent,19557.45,2025-08-20,
O0007,A0007,Closed Won,12041.72,2025-07-21,S0061
O0008,A0008,Proposal Sent,5038.7,2025-07-24,
O0009,A0009,Negotiation,14280.16,2025-09-05,
O0010,A0010,Prospecting,17237.15,2025-08-12,
O0011,A0011,Negotiation,2023.1,2025-08-27,S0057
O0012,A0012,Closed Lost,14053.35,2025-07-22,S0094
O0013,A0013,Closed Lost,2773.94,2025-07-24,S0392
O0014,A0014,Proposal Sent,16711.94,2025-07-15,S0161
O0015,A0015,Negotiation,6620.46,2025-08-20,
O0016,A0016,Closed Lost,2825.88,2025-07-16,S0373
O0017,A0017,Prospecting,4708.72,2025-07-13,S0295
O0018,A0018,Prospecting,16235.36,2025-08-26,
O0019,A0019,Negotiation,2577.56,2025-08-04,
O0020,A0020,Prospecting,13721.66,2025-08-22,
O0021,A0021,Closed Lost,3196.72,2025-07-10,S0015
O0022,A0022,Prospecting,10118.05,2025-07-16,
O0023,A0023,Prospecting,9792.13,2025-08-30,S0422
O0024,A0024,Closed Won,19664.9,2025-08-16,
O0025,A0025,Negotiation,16958.29,2025-08-30,
O0026,A0026,Prospecting,6617.69,2025-08-27,S0280
O0027,A0027,Closed Won,19374.54,2025-08-15,S0091
O0028,A0028,Closed Won,10616.58,2025-08-15,
O0029,A0029,Prospecting,11790.38,2025-07-13,
O0030,A0030,Negotiation,7560.62,2025-08-01,S0105
O0031,A0031,Negotiation,3139.1,2025-07-11,S0366
O0032,A0032,Proposal Sent,2719.53,2025-07-26,
O0033,A0033,Negotiation,14859.29,2025-07-30,
O0034,A0034,Proposal Sent,15322.52,2025-08-07,S0275
O0035,A0035,Closed Lost,13644.18,2025-08-30,
O0036,A0036,Prospecting,13380.04,2025-07-25,S0114
O0037,A0037,Proposal Sent,5462.35,2025-08-26,
O0038,A0038,Closed Lost,11449.68,2025-07-26,
O0039,A0039,Closed Won,17407.86,2025-08-01,
O0040,A0040,Proposal Sent,6421.35,2025-07-16,S0259
O0041,A0041,Closed Won,19799.66,2025-07-30,
O0042,A0042,Proposal Sent,12275.73,2025-08-10,
O0043,A0043,Negotiation,5824.1,2025-07-16,
O0044,A0044,Closed Won,1918.85,2025-07-12,
O0045,A0045,Closed Won,1164.05,2025-08-06,S0433
O0046,A0046,Closed Won,11524.2,2025-07-22,S0119
O0047,A0047,Closed Lost,17337.15,2025-08-11,
O0048,A0048,Closed Won,19165.52,2025-08-01,S0208
O0049,A0049,Proposal Sent,19029.11,2025-08-16,
O0050,A0050,Closed Lost,8212.3,2025-08-31,S0075
O0051,A0051,Negotiation,9564.07,2025-08-31,S0268
O0052,A0052,Closed Lost,9432.56,2025-07-20,S0089
O0053,A0053,Closed Won,12402.49,2025-08-27,S0032
O0054,A0054,Closed Won,13318.02,2025-08-09,
O0055,A0055,Closed Won,10962.18,2025-07-19,
O0056,A0056,Closed Won,3258.6,2025-07-28,
O0057,A0057,Proposal Sent,2327.63,2025-08-07,
O0058,A0058,Negotiation,7206.92,2025-08-11,
O0059,A0059,Negotiation,1428.19,2025-08-01,S0179
O0060,A0060,Negotiation,14629.25,2025-08-23,
O0061,A0061,Proposal Sent,19517.42,2025-08-21,S0296
O0062,A0062,Closed Lost,4551.84,2025-07-24,S0293
O0063,A0063,Closed Won,7020.89,2025-08-16,S0211
O0064,A0064,Proposal Sent,5276.57,2025-08-19,S0218
O0065,A0065,Prospecting,6602.55,2025-08-19,S0102
O0066,A0066,Closed Lost,8017.57,2025-08-24,
O0067,A0067,Closed Won,16254.25,2025-08-26,
O0068,A0068,Prospecting,8344.64,2025-09-05,
O0069,A0069,Negotiation,13983.43,2025-08-29,
O0070,A0070,Negotiation,9867.9,2025-09-01,S0040
O0071,A0071,Closed Lost,19257.04,2025-07-19,
O0072,A0072,Closed Lost,11109.32,2025-08-21,S0445
O0073,A0073,Closed Won,9262.41,2025-07-15,
O0074,A0074,Negotiation,2933.18,2025-09-01,
O0075,A0075,Closed Lost,16317.44,2025-08-17,S0272
O0076,A0076,Negotiation,7710.02,2025-08-17,S0310
O0077,A0077,Closed Won,19463.53,2025-08-31,
O0078,A0078,Negotiation,6561.98,2025-09-03,
O0079,A0079,Closed Lost,10172.3,2025-07-24,
O0080,A0080,Prospecting,18828.36,2025-08-22,
O0081,A0081,Prospecting,18379.24,2025-08-19,S0206
O0082,A0082,Negotiation,8349.53,2025-07-22,
O0083,A0083,Closed Won,8728.51,2025-07-15,S0106
O0084,A0084,Proposal Sent,18408.18,2025-08-20,
O0085,A0085,Closed Won,2750.77,2025-08-09,S0107
O0086,A0086,Closed Lost,12294.85,2025-08-18,S0060
O0087,A0087,Proposal Sent,14666.51,2025-09-02,S0485
O0088,A0088,Closed Lost,6078.51,2025-08-11,S0248
O0089,A0089,Closed Won,13395.45,2025-08-27,S0080
O0090,A0090,Proposal Sent,11773.32,2025-08-17,S0092
O0091,A0091,Prospecting,17882.69,2025-08-25,
O0092,A0092,Prospecting,13937.72,2025-07-25,S0274
O0093,A0093,Closed Lost,11377.11,2025-07-30,S0151
O0094,A0094,Closed Lost,18913.29,2025-08-18,S0124
O0095,A0095,Negotiation,15482.89,2025-09-05,S0355
O0096,A0096,Prospecting,16781.72,2025-07-19,S0128
O0097,A0097,Prospecting,9600.67,2025-07-17,
O0098,A0098,Closed Lost,9482.87,2025-07-24,S0446
O0099,A0099,Prospecting,2663.67,2025-08-09,
O0100,A0100,Closed Lost,11255.7,2025-08-26,S0306
O0101,A0101,Proposal Sent,16933.68,2025-07-09,S0250
O0102,A0102,Proposal Sent,13819.16,2025-08-27,S0281
O0103,A0103,Prospecting,2150.85,2025-07-15,S0160
O0104,A0104,Proposal Sent,14031.69,2025-08-01,
O0105,A0105,Prospecting,14408.01,2025-08-23,
O0106,A0106,Closed Lost,12410.12,2025-07-11,
O0107,A0107,Closed Lost,14583.04,2025-08-07,S0005
O0108,A0108,Negotiation,14230.05,2025-08-21,
O0109,A0109,Closed Lost,11874.57,2025-08-01,
O0110,A0110,Proposal Sent,10054.15,2025-08-25,
O0111,A0111,Negotiation,15403.43,2025-09-03,
O0112,A0112,Proposal Sent,2427.75,2025-08-23,S0047
O0113,A0113,Closed Won,13042.98,2025-08-12,
O0114,A0114,Closed Lost,17316.95,2025-08-18,
O0115,A0115,Closed Lost,4827.8,2025-08-19,S0271
O0116,A0116,Prospecting,18223.44,2025-07-30,
O0117,A0117,Negotiation,16860.27,2025-07-15,S0037
O0118,A0118,Prospecting,8794.54,2025-07-26,S0386
O0119,A0119,Prospecting,6537.16,2025-08-04,
O0120,A0120,Prospecting,13641.01,2025-07-13,S0404
O0121,A0121,Prospecting,14246.75,2025-08-12,
O0122,A0122,Closed Won,12486.11,2025-08-05,
O0123,A0123,Negotiation,7738.56,2025-08-17,
O0124,A0124,Proposal Sent,13824.8,2025-08-07,S0262
O0125,A0125,Proposal Sent,14510.79,2025-07-17,
O0126,A0126,Closed Won,4047.38,2025-08-30,
O0127,A0127,Negotiation,14545.58,2025-07-22,
O0128,A0128,Prospecting,14804.83,2025-08-18,
O0129,A0129,Negotiation,17654.33,2025-07-28,
O0130,A0130,Prospecting,16236.35,2025-08-20,
O0131,A0131,Proposal Sent,18045.96,2025-07-09,S0424
O0132,A0132,Closed Won,6200.52,2025-08-05,S0335
O0133,A0133,Prospecting,2811.46,2025-08-09,S0088
O0134,A0134,Closed Lost,1329.16,2025-08-10,S0297
O0135,A0135,Prospecting,2233.0,2025-08-05,
O0136,A0136,Closed Lost,1204.45,2025-08-12,S0476
O0137,A0137,Closed Lost,14020.32,2025-08-14,S0021
O0138,A0138,Prospecting,2784.37,2025-09-01,S0119
O0139,A0139,Closed Lost,3570.94,2025-08-18,S0187
O0140,A0140,Closed Won,18103.5,2025-09-05,
O0141,A0141,Negotiation,18317.12,2025-08-20,S0162
O0142,A0142,Closed Won,4384.84,2025-07-10,
O0143,A0143,Prospecting,13979.98,2025-08-04,S0357
O0144,A0144,Negotiation,12785.87,2025-07-16,
O0145,A0145,Prospecting,5920.72,2025-07-14,S0114
O0146,A0146,Negotiation,13067.68,2025-08-31,S0439
O0147,A0147,Negotiation,6536.59,2025-08-30,
O0148,A0148,Prospecting,5474.5,2025-09-04,
O0149,A0149,Closed Won,15948.24,2025-07-11,
O0150,A0150,Prospecting,18830.72,2025-09-02,S0013
O0151,A0151,Negotiation,6208.81,2025-08-28,
O0152,A0152,Closed Lost,19572.04,2025-08-16,S0392
O0153,A0153,Proposal Sent,12866.26,2025-08-02,
O0154,A0154,Closed Lost,12236.3,2025-07-15,S0090
O0155,A0155,Negotiation,15506.02,2025-07-16,S0297
O0156,A0156,Proposal Sent,1804.48,2025-07-10,S0121
O0157,A0157,Prospecting,17403.0,2025-08-22,S0418
O0158,A0158,Closed Won,15354.81,2025-09-06,S0348
O0159,A0159,Closed Won,17737.82,2025-07-26,S0082
O0160,A0160,Closed Lost,4575.42,2025-08-27,S0249
O0161,A0161,Closed Won,16419.17,2025-08-30,
O0162,A0162,Closed Won,15414.3,2025-08-25,S0022
O0163,A0163,Proposal Sent,11200.63,2025-07-22,S0324
O0164,A0164,Closed Won,9967.17,2025-08-07,S0128
O0165,A0165,Prospecting,12657.68,2025-08-12,S0492
O0166,A0166,Closed Lost,3161.65,2025-07-28,S0402
O0167,A0167,Prospecting,4262.65,2025-07-29,
O0168,A0168,Closed Lost,8842.12,2025-09-04,
O0169,A0169,Closed Lost,3046.04,2025-08-14,S0356
O0170,A0170,Proposal Sent,2896.9,2025-08-07,
O0171,A0171,Closed Won,2760.33,2025-07-24,S0153
O0172,A0172,Proposal Sent,10552.22,2025-07-31,
O0173,A0173,Prospecting,7556.32,2025-08-19,
O0174,A0174,Closed Lost,13244.05,2025-08-28,
O0175,A0175,Proposal Sent,6383.01,2025-08-13,S0367
O0176,A0176,Prospecting,14054.81,2025-07-31,
O0177,A0177,Negotiation,17843.91,2025-07-16,
O0178,A0178,Closed Lost,18663.32,2025-07-28,
O0179,A0179,Prospecting,1797.11,2025-08-14,
O0180,A0180,Closed Won,1144.03,2025-07-21,
O0181,A0181,Closed Lost,12556.61,2025-08-19,
O0182,A0182,Prospecting,13290.91,2025-07-11,S0483
O0183,A0183,Closed Won,18884.85,2025-07-27,S0486
O0184,A0184,Prospecting,1336.57,2025-07-10,
O0185,A0185,Negotiation,5507.69,2025-07-29,S0373
O0186,A0186,Proposal Sent,19757.67,2025-08-20,S0463
O0187,A0187,Closed Lost,14585.41,2025-08-25,S0011
O0188,A0188,Closed Lost,6056.55,2025-08-17,
O0189,A0189,Proposal Sent,11516.1,2025-08-31,
O0190,A0190,Closed Lost,16149.02,2025-09-06,S0429
O0191,A0191,Closed Lost,10700.46,2025-07-25,
O0192,A0192,Closed Lost,9352.76,2025-07-21,S0289
O0193,A0193,Proposal Sent,17646.48,2025-09-04,
O0194,A0194,Negotiation,9684.43,2025-07-13,S0246
O0195,A0195,Closed Lost,2141.51,2025-08-10,S0355
O0196,A0196,Negotiation,14025.58,2025-08-12,
O0197,A0197,Closed Lost,11915.83,2025-07-30,S0022
O0198,A0198,Negotiation,17690.62,2025-08-26,S0130
O0199,A0199,Negotiation,7695.47,2025-08-25,
O0200,A0200,Closed Won,8173.63,2025-07-23,
O0201,A0201,Proposal Sent,7866.5,2025-08-10,S0435
O0202,A0202,Closed Lost,7015.66,2025-08-30,S0402
O0203,A0203,Closed Won,16674.38,2025-08-12,S0229
O0204,A0204,Negotiation,17431.53,2025-08-19,S0171
O0205,A0205,Closed Won,6295.8,2025-08-17,S0378
O0206,A0206,Closed Won,12332.21,2025-08-29,S0381
O0207,A0207,Proposal Sent,14978.09,2025-08-21,S0222
O0208,A0208,Proposal Sent,5366.79,2025-08-15,
O0209,A0209,Prospecting,17424.43,2025-07-28,S0010
O0210,A0210,Closed Lost,8552.34,2025-07-21,S0030
O0211,A0211,Closed Won,9229.66,2025-07-31,
O0212,A0212,Negotiation,10599.97,2025-08-22,S0192
O0213,A0213,Negotiation,14360.35,2025-08-28,S0121
O0214,A0214,Prospecting,12652.78,2025-07-23,
O0215,A0215,Closed Won,3393.94,2025-07-10,
O0216,A0216,Prospecting,18428.58,2025-07-20,
O0217,A0217,Closed Lost,15608.02,2025-08-14,S0429
O0218,A0218,Proposal Sent,19363.66,2025-08-23,
O0219,A0219,Prospecting,18253.11,2025-08-10,
O0220,A0220,Closed Lost,14893.52,2025-08-13,
O0221,A0221,Closed Won,17571.65,2025-08-11,
O0222,A0222,Negotiation,7303.16,2025-07-21,S0308
O0223,A0223,Closed Lost,2403.19,2025-09-02,S0447
O0224,A0224,Closed Won,17463.83,2025-08-13,
O0225,A0225,Negotiation,12374.68,2025-08-05,
O0226,A0226,Proposal Sent,18939.34,2025-08-14,S0139
O0227,A0227,Prospecting,14580.65,2025-08-28,
O0228,A0228,Closed Lost,2675.68,2025-08-01,S0370
O0229,A0229,Negotiation,15922.85,2025-07-17,
O0230,A0230,Closed Won,12735.95,2025-08-23,S0384
O0231,A0231,Closed Lost,3922.59,2025-07-30,
O0232,A0232,Prospecting,4784.58,2025-07-13,S0396
O0233,A0233,Closed Lost,12487.74,2025-09-01,
O0234,A0234,Closed Lost,13678.52,2025-08-12,S0149
O0235,A0235,Closed Won,1971.49,2025-09-06,S0240
O0236,A0236,Prospecting,8271.89,2025-08-14,S0383
O0237,A0237,Negotiation,11505.56,2025-08-19,S0299
O0238,A0238,Closed Won,14142.72,2025-07-20,
O0239,A0239,Proposal Sent,4889.54,2025-08-14,
O0240,A0240,Prospecting,5469.79,2025-09-01,S0054
O0241,A0241,Closed Won,11964.92,2025-07-17,S0310
O0242,A0242,Prospecting,2360.65,2025-08-22,S0376
O0243,A0243,Closed Lost,15562.76,2025-07-27,
O0244,A0244,Negotiation,3581.38,2025-08-09,
O0245,A0245,Closed Lost,6178.14,2025-08-16,S0483
O0246,A0246,Proposal Sent,1174.35,2025-09-02,S0331
O0247,A0247,Negotiation,9509.17,2025-08-29,
O0248,A0248,Proposal Sent,1354.2,2025-08-24,
O0249,A0249,Prospecting,6331.66,2025-07-15,S0240
O0250,A0250,Negotiation,9453.22,2025-08-13,
O0251,A0251,Prospecting,8301.57,2025-08-06,S0430
O0252,A0252,Closed Lost,1646.96,2025-08-28,S0020
O0253,A0253,Proposal Sent,14819.52,2025-08-31,S0366
O0254,A0254,Proposal Sent,3367.82,2025-08-07,S0157
O0255,A0255,Closed Lost,10546.81,2025-07-22,S0319
O0256,A0256,Negotiation,14064.77,2025-07-29,
O0257,A0257,Closed Won,9088.25,2025-07-23,
O0258,A0258,Negotiation,12289.23,2025-08-28,S0269
O0259,A0259,Negotiation,12030.76,2025-08-23,
O0260,A0260,Proposal Sent,14607.28,2025-08-18,S0292
O0261,A0261,Negotiation,15770.39,2025-08-22,S0424
O0262,A0262,Closed Lost,7964.24,2025-07-24,S0330
O0263,A0263,Prospecting,2109.49,2025-08-22,
O0264,A0264,Negotiation,12181.23,2025-07-23,
O0265,A0265,Proposal Sent,1599.21,2025-07-09,S0016
O0266,A0266,Closed Lost,16434.87,2025-07-12,
O0267,A0267,Closed Lost,17365.53,2025-08-26,S0183
O0268,A0268,Closed Won,11015.37,2025-07-19,S0342
O0269,A0269,Negotiation,13283.57,2025-08-10,S0214
O0270,A0270,Closed Lost,1965.59,2025-09-05,S0048
O0271,A0271,Closed Won,9570.49,2025-07-19,
O0272,A0272,Closed Lost,8074.45,2025-07-25,S0362
O0273,A0273,Negotiation,5288.26,2025-08-03,S0118
O0274,A0274,Closed Lost,16184.18,2025-07-27,
O0275,A0275,Proposal Sent,9356.78,2025-07-17,
O0276,A0276,Proposal Sent,16780.14,2025-07-09,S0110
O0277,A0277,Proposal Sent,9934.13,2025-07-30,S0134
O0278,A0278,Negotiation,11110.61,2025-08-08,
O0279,A0279,Negotiation,10927.75,2025-07-23,
O0280,A0280,Prospecting,4050.02,2025-07-30,
O0281,A0281,Prospecting,5948.86,2025-08-14,S0179
O0282,A0282,Proposal Sent,14785.07,2025-07-14,S0336
O0283,A0283,Closed Lost,8786.88,2025-07-28,S0361
O0284,A0284,Prospecting,1712.98,2025-08-10,S0211
O0285,A0285,Closed Won,8252.68,2025-08-06,S0116
O0286,A0286,Closed Won,9650.21,2025-08-27,
O0287,A0287,Proposal Sent,10262.53,2025-09-04,S0384
O0288,A0288,Prospecting,9484.46,2025-09-01,S0408
O0289,A0289,Closed Won,1566.37,2025-09-03,
O0290,A0290,Closed Lost,1962.08,2025-07-24,S0170
O0291,A0291,Closed Lost,17928.71,2025-08-09,
O0292,A0292,Closed Won,5075.29,2025-08-05,S0199
O0293,A0293,Closed Lost,5902.59,2025-07-20,
O0294,A0294,Proposal Sent,15064.64,2025-07-21,S0433
O0295,A0295,Prospecting,3596.62,2025-08-10,
O0296,A0296,Closed Lost,10525.7,2025-07-25,S0131
O0297,A0297,Closed Won,13756.05,2025-07-25,S0044
O0298,A0298,Prospecting,3196.52,2025-08-13,
O0299,A0299,Prospecting,13733.67,2025-08-15,
O0300,A0300,Negotiation,5545.82,2025-08-27,S0261
O0301,A0301,Closed Lost,9660.6,2025-08-25,S0244
O0302,A0302,Prospecting,11847.48,2025-09-06,
O0303,A0303,Negotiation,5971.46,2025-07-22,S0428
O0304,A0304,Closed Lost,13230.89,2025-07-15,
O0305,A0305,Closed Lost,16714.51,2025-08-24,
O0306,A0306,Closed Won,1943.51,2025-07-23,S0166
O0307,A0307,Closed Won,13093.63,2025-08-03,S0244
O0308,A0308,Closed Lost,15910.23,2025-07-26,S0398
O0309,A0309,Closed Lost,6161.43,2025-08-21,S0320
O0310,A0310,Closed Won,15835.08,2025-09-05,S0180
O0311,A0311,Closed Lost,19676.98,2025-08-25,S0409
O0312,A0312,Closed Won,13638.9,2025-09-06,
O0313,A0313,Closed Lost,14642.42,2025-08-12,
O0314,A0314,Prospecting,3834.51,2025-09-04,
O0315,A0315,Proposal Sent,9211.49,2025-09-02,S0055
O0316,A0316,Closed Won,8049.42,2025-07-10,S0296
O0317,A0317,Closed Won,14678.94,2025-09-01,S0364
O0318,A0318,Closed Won,4560.21,2025-07-14,
O0319,A0319,Negotiation,12554.18,2025-08-20,
O0320,A0320,Closed Lost,15022.6,2025-07-09,S0029
O0321,A0321,Closed Won,6115.08,2025-07-24,
O0322,A0322,Closed Lost,2412.61,2025-07-24,
O0323,A0323,Closed Lost,11676.82,2025-08-22,S0325
O0324,A0324,Negotiation,7539.41,2025-09-01,S0288
O0325,A0325,Negotiation,4190.39,2025-07-13,S0402
O0326,A0326,Negotiation,6946.79,2025-09-01,S0187
O0327,A0327,Proposal Sent,6414.62,2025-08-25,
O0328,A0328,Closed Lost,6194.67,2025-08-17,S0234
O0329,A0329,Closed Lost,5027.03,2025-07-10,S0169
O0330,A0330,Prospecting,12381.94,2025-08-25,S0136
O0331,A0331,Closed Won,2006.43,2025-07-21,S0047
O0332,A0332,Closed Lost,14631.16,2025-08-14,
O0333,A0333,Proposal Sent,9462.15,2025-08-06,S0159
O0334,A0334,Negotiation,2820.72,2025-08-10,S0053
O0335,A0335,Closed Lost,11985.51,2025-08-31,S0136
O0336,A0336,Closed Won,5385.06,2025-07-15,
O0337,A0337,Closed Lost,17166.95,2025-08-30,S0159
O0338,A0338,Proposal Sent,12050.95,2025-08-28,
O0339,A0339,Negotiation,12882.43,2025-07-11,S0366
O0340,A0340,Proposal Sent,13463.33,2025-08-24,
O0341,A0341,Proposal Sent,9850.26,2025-08-01,S0043
O0342,A0342,Proposal Sent,11700.86,2025-09-01,S0244
O0343,A0343,Proposal Sent,4423.85,2025-08-31,S0129
O0344,A0344,Negotiation,17332.09,2025-07-27,S0101
O0345,A0345,Prospecting,10767.03,2025-09-03,
O0346,A0346,Closed Lost,8353.22,2025-09-02,S0027
O0347,A0347,Proposal Sent,2304.35,2025-08-17,
O0348,A0348,Negotiation,3588.41,2025-07-16,S0197
O0349,A0349,Prospecting,10955.97,2025-09-02,S0374
O0350,A0350,Prospecting,3132.24,2025-07-12,S0469
O0351,A0351,Closed Won,10895.81,2025-09-03,
O0352,A0352,Closed Won,8789.77,2025-08-09,
O0353,A0353,Negotiation,13032.55,2025-07-21,S0377
O0354,A0354,Closed Lost,9649.23,2025-08-08,
O0355,A0355,Prospecting,8341.6,2025-08-16,S0007
O0356,A0356,Closed Lost,9367.45,2025-07-30,S0272
O0357,A0357,Prospecting,18264.14,2025-09-04,S0235
O0358,A0358,Negotiation,1119.03,2025-07-10,S0015
O0359,A0359,Closed Won,5335.85,2025-08-13,S0091
O0360,A0360,Closed Lost,19018.16,2025-08-13,
O0361,A0361,Prospecting,18073.03,2025-08-26,S0442
O0362,A0362,Negotiation,16088.77,2025-07-09,
O0363,A0363,Proposal Sent,18611.65,2025-07-14,
O0364,A0364,Proposal Sent,17415.58,2025-08-28,
O0365,A0365,Negotiation,7523.18,2025-07-17,S0143
O0366,A0366,Prospecting,4263.21,2025-07-09,
O0367,A0367,Proposal Sent,8972.6,2025-08-09,
O0368,A0368,Proposal Sent,16376.94,2025-08-11,
O0369,A0369,Prospecting,12116.56,2025-08-21,S0459
O0370,A0370,Prospecting,1835.77,2025-08-29,S0272
O0371,A0371,Closed Lost,18043.25,2025-07-11,
O0372,A0372,Negotiation,11204.84,2025-08-16,
O0373,A0373,Negotiation,5264.75,2025-08-28,
O0374,A0374,Prospecting,10769.93,2025-08-04,S0403
O0375,A0375,Negotiation,15454.64,2025-08-23,S0131
O0376,A0376,Negotiation,7073.21,2025-08-16,
O0377,A0377,Negotiation,2140.17,2025-07-12,S0425
O0378,A0378,Proposal Sent,2136.86,2025-09-01,S0415
O0379,A0379,Closed Lost,14230.02,2025-08-29,
O0380,A0380,Closed Won,14831.33,2025-08-25,
O0381,A0381,Proposal Sent,5201.32,2025-09-02,S0444
O0382,A0382,Prospecting,17967.65,2025-07-15,
O0383,A0383,Closed Lost,4105.5,2025-08-31,
O0384,A0384,Closed Won,9598.45,2025-07-09,
O0385,A0385,Negotiation,13838.98,2025-08-20,S0472
O0386,A0386,Closed Lost,19366.02,2025-08-11,
O0387,A0387,Closed Won,4140.58,2025-07-28,S0167
O0388,A0388,Negotiation,12145.41,2025-07-13,
O0389,A0389,Proposal Sent,6428.97,2025-07-10,
O0390,A0390,Closed Won,11985.25,2025-08-28,
O0391,A0391,Closed Won,13653.52,2025-08-12,
O0392,A0392,Proposal Sent,1379.73,2025-08-11,
O0393,A0393,Closed Won,10200.48,2025-08-30,
O0394,A0394,Closed Lost,4255.65,2025-08-31,S0337
O0395,A0395,Negotiation,17677.1,2025-09-03,S0135
O0396,A0396,Negotiation,12928.82,2025-07-30,
O0397,A0397,Proposal Sent,16310.03,2025-08-12,S0287
O0398,A0398,Negotiation,17467.3,2025-08-13,S0467
O0399,A0399,Closed Won,17414.0,2025-09-05,
O0400,A0400,Prospecting,17643.1,2025-09-03,S0477
O0401,A0401,Proposal Sent,1493.57,2025-08-01,S0363
O0402,A0402,Negotiation,19018.85,2025-08-28,S0371
O0403,A0403,Closed Lost,15907.82,2025-08-11,S0103
O0404,A0404,Negotiation,10322.39,2025-07-20,
O0405,A0405,Proposal Sent,7788.05,2025-07-31,S0461
O0406,A0406,Negotiation,2382.03,2025-08-05,S0042
O0407,A0407,Prospecting,12607.03,2025-08-06,S0004
O0408,A0408,Proposal Sent,8689.57,2025-08-26,
O0409,A0409,Prospecting,19970.24,2025-08-17,S0097
O0410,A0410,Prospecting,2448.21,2025-07-21,S0390
O0411,A0411,Prospecting,4696.33,2025-07-29,
O0412,A0412,Proposal Sent,18542.95,2025-08-12,
O0413,A0413,Prospecting,7879.4,2025-07-29,
O0414,A0414,Closed Lost,5640.62,2025-08-10,S0283
O0415,A0415,Closed Won,16867.14,2025-07-29,
O0416,A0416,Negotiation,13014.06,2025-08-29,S0441
O0417,A0417,Closed Lost,8094.84,2025-07-14,S0188
O0418,A0418,Closed Lost,5280.03,2025-08-16,
O0419,A0419,Proposal Sent,4661.22,2025-08-04,
O0420,A0420,Closed Won,19066.13,2025-07-26,
O0421,A0421,Negotiation,17190.08,2025-08-22,
O0422,A0422,Closed Won,14370.68,2025-08-22,
O0423,A0423,Prospecting,13003.92,2025-07-22,
O0424,A0424,Closed Won,16883.78,2025-08-01,S0132
O0425,A0425,Prospecting,15304.25,2025-08-17,
O0426,A0426,Closed Lost,19961.79,2025-08-31,
O0427,A0427,Proposal Sent,10291.34,2025-09-02,
O0428,A0428,Closed Won,13520.55,2025-08-26,S0303
O0429,A0429,Negotiation,19105.19,2025-08-22,S0445
O0430,A0430,Prospecting,4111.36,2025-08-27,S0402
O0431,A0431,Closed Lost,15332.34,2025-08-24,
O0432,A0432,Prospecting,13029.44,2025-07-15,
O0433,A0433,Closed Lost,3600.99,2025-07-11,
O0434,A0434,Closed Won,15210.11,2025-07-26,S0343
O0435,A0435,Negotiation,2292.43,2025-07-12,S0389
O0436,A0436,Prospecting,15091.81,2025-08-27,S0333
O0437,A0437,Proposal Sent,8304.12,2025-08-02,S0074
O0438,A0438,Proposal Sent,7977.62,2025-08-26,
O0439,A0439,Closed Won,3969.32,2025-07-13,
O0440,A0440,Proposal Sent,4380.34,2025-07-15,S0203
O0441,A0441,Closed Won,7173.69,2025-08-09,
O0442,A0442,Closed Won,11496.58,2025-08-19,
O0443,A0443,Closed Won,5227.22,2025-08-28,S0125
O0444,A0444,Prospecting,2057.86,2025-07-20,S0094
O0445,A0445,Closed Lost,5273.12,2025-08-04,S0481
O0446,A0446,Negotiation,18028.0,2025-07-16,S0085
O0447,A0447,Negotiation,13936.91,2025-08-25,S0430
O0448,A0448,Closed Lost,13088.62,2025-07-21,S0485
O0449,A0449,Closed Lost,14150.66,2025-08-04,S0421
O0450,A0450,Closed Won,18000.56,2025-08-15,
O0451,A0451,Closed Lost,17371.9,2025-08-30,
O0452,A0452,Proposal Sent,11359.38,2025-08-18,
O0453,A0453,Proposal Sent,7571.2,2025-09-05,S0123
O0454,A0454,Negotiation,11467.25,2025-09-03,
O0455,A0455,Proposal Sent,8415.14,2025-09-05,S0339
O0456,A0456,Closed Won,13218.11,2025-09-06,S0172
O0457,A0457,Negotiation,12757.39,2025-07-31,
O0458,A0458,Negotiation,14299.85,2025-07-31,S0349
O0459,A0459,Negotiation,6313.2,2025-08-11,S0072
O0460,A0460,Prospecting,13374.69,2025-07-14,S0379
O0461,A0461,Proposal Sent,17186.52,2025-08-08,
O0462,A0462,Closed Lost,3401.45,2025-08-24,S0316
O0463,A0463,Closed Won,19559.36,2025-08-12,
O0464,A0464,Prospecting,16573.57,2025-08-20,
O0465,A0465,Proposal Sent,4467.87,2025-08-10,
O0466,A0466,Negotiation,12549.65,2025-07-18,
O0467,A0467,Closed Won,11124.33,2025-07-18,
O0468,A0468,Proposal Sent,12954.51,2025-07-28,
O0469,A0469,Closed Won,12453.85,2025-08-14,S0129
O0470,A0470,Closed Lost,8802.58,2025-08-24,S0459
O0471,A0471,Proposal Sent,7544.18,2025-07-19,
O0472,A0472,Prospecting,2676.11,2025-08-15,
O0473,A0473,Closed Won,9868.78,2025-07-22,
O0474,A0474,Prospecting,4542.86,2025-08-21,S0107
O0475,A0475,Prospecting,10125.07,2025-09-05,
O0476,A0476,Proposal Sent,19203.36,2025-07-09,
O0477,A0477,Negotiation,18833.8,2025-08-12,S0384
O0478,A0478,Prospecting,5068.14,2025-09-02,
O0479,A0479,Proposal Sent,1913.5,2025-08-13,S0035
O0480,A0480,Negotiation,17557.74,2025-07-31,
O0481,A0481,Proposal Sent,11484.82,2025-07-20,S0227
O0482,A0482,Closed Won,2836.13,2025-08-13,S0457
O0483,A0483,Proposal Sent,14129.16,2025-07-30,
O0484,A0484,Negotiation,9524.81,2025-08-26,S0230
O0485,A0485,Closed Won,10727.3,2025-07-23,S0230
O0486,A0486,Closed Won,6084.0,2025-09-04,S0277
O0487,A0487,Proposal Sent,13472.83,2025-08-21,S0187
O0488,A0488,Closed Won,5497.28,2025-08-18,
O0489,A0489,Closed Won,8276.76,2025-07-10,
O0490,A0490,Closed Lost,11986.06,2025-07-15,S0404
O0491,A0491,Negotiation,1108.62,2025-08-23,S0143
O0492,A0492,Proposal Sent,2753.84,2025-07-11,S0052
O0493,A0493,Closed Won,16054.47,2025-08-20,
O0494,A0494,Negotiation,1035.43,2025-08-09,S0072
O0495,A0495,Negotiation,8560.67,2025-08-17,S0075
O0496,A0496,Prospecting,7779.35,2025-08-27,S0492
O0497,A0497,Closed Lost,7647.23,2025-09-04,
O0498,A0498,Prospecting,4635.5,2025-07-22,
O0499,A0499,Prospecting,4269.38,2025-07-15,S0190
O0500,A0500,Closed Won,9296.41,2025-07-13,S0133
